{
  "geocodes": {
    "Rennes,Ille-et-Vilaine,France": [
      -1.665857,
      48.110805
    ],
    "Seine-Maritime,GOURNAY EN BRAY,France": [
      1.085932,
      49.621593
    ],
    "Isère,GRENOBLE,France": [
      5.427647,
      45.395749
    ],
    "Bouches-du-Rhône,CEYRESTE,France": [
      5.636393,
      43.197325
    ],
    "Rhône,CORBAS,France": [
      4.595957,
      45.79488
    ],
    "Hautes-Alpes,GAP,France": [
      6.044383,
      44.518465
    ],
    "Var,LA CRAU,France": [
      6.075428,
      43.149755
    ],
    "Hautes-Pyrénées,BAGNERES DE BIGORRE,France": [
      0.173581,
      43.022901
    ],
    "Seine-et-Marne,MEAUX,France": [
      2.884664,
      48.958136
    ],
    "Hauts-de-Seine,ISSY LES MOULINEAUX,France": [
      2.284379,
      48.792417
    ],
    "Ain,VERSONNEX,France": [
      6.099677,
      46.30491
    ],
    "Haute-Corse,BASTIA,France": [
      9.448058,
      42.703379
    ],
    "Ain,BOURG EN BRESSE,France": [
      5.228476,
      46.204677
    ],
    "Ille-et-Vilaine,RENNES,France": [
      -1.665857,
      48.110805
    ],
    "Loire,SAINT ETIENNE,France": [
      4.375619,
      45.443718
    ],
    "Haute-Savoie,SAVIGNY,France": [
      6.54552,
      46.14732
    ],
    "Gard,GALLARGUES LE MONTUEUX,France": [
      4.170457,
      43.719676
    ],
    "Paris,PARIS,France": [
      2.342865,
      48.858705
    ],
    "Yvelines,MONTIGNY LE BRETONNEUX,France": [
      2.050212,
      48.787542
    ],
    "Landes,HAGETMAU,France": [
      -0.594911,
      43.656198
    ],
    "Finistère,QUIMPER,France": [
      -4.098306,
      47.996076
    ],
    "Jura,LONS LE SAUNIER,France": [
      5.555609,
      46.673817
    ],
    "Haute-Vienne,LIMOGES,France": [
      1.260181,
      45.837735
    ],
    "Gironde,BORDEAUX,France": [
      -0.510878,
      44.811707
    ],
    "Pyrénées-Orientales,ILLE SUR TET,France": [
      2.532407,
      42.588855
    ],
    "Haute-Vienne,PANAZOL,France": [
      1.301408,
      45.835723
    ],
    "Aude,CARCASSONNE,France": [
      2.404399,
      43.178909
    ],
    "Rhône,LYON,France": [
      4.595957,
      45.79488
    ],
    "Savoie,ALBERTVILLE,France": [
      6.396409,
      45.670768
    ],
    "Allier,VICHY,France": [
      3.426668,
      46.132259
    ]
  },
  "routes": {
    "Rennes,Ille-et-Vilaine,France::Savoie,ALBERTVILLE,France": [
      923.8348,
      8.673361111111111
    ],
    "Rennes,Ille-et-Vilaine,France::Hauts-de-Seine,ISSY LES MOULINEAUX,France": [
      337.6154,
      3.395888888888889
    ],
    "Rennes,Ille-et-Vilaine,France::Finistère,QUIMPER,France": [
      214.8917,
      2.5361944444444444
    ],
    "Rennes,Ille-et-Vilaine,France::Paris,PARIS,France": [
      345.9613,
      3.6182222222222222
    ],
    "Rennes,Ille-et-Vilaine,France::Yvelines,MONTIGNY LE BRETONNEUX,France": [
      324.093,
      3.2760555555555553
    ],
    "Rennes,Ille-et-Vilaine,France::Aude,CARCASSONNE,France": [
      799.7610999999999,
      7.792777777777777
    ],
    "Rennes,Ille-et-Vilaine,France::Hautes-Pyrénées,BAGNERES DE BIGORRE,France": [
      741.6855,
      7.325944444444445
    ],
    "Rennes,Ille-et-Vilaine,France::Haute-Corse,BASTIA,France": [
      1418.4878,
      18.916611111111113
    ],
    "Rennes,Ille-et-Vilaine,France::Haute-Savoie,SAVIGNY,France": [
      882.2533000000001,
      8.693694444444445
    ],
    "Rennes,Ille-et-Vilaine,France::Gard,GALLARGUES LE MONTUEUX,France": [
      945.9247,
      9.095333333333334
    ],
    "Rennes,Ille-et-Vilaine,France::Bouches-du-Rhône,CEYRESTE,France": [
      1080.056,
      10.396027777777777
    ],
    "Rennes,Ille-et-Vilaine,France::Var,LA CRAU,France": [
      1123.4506,
      10.81063888888889
    ],
    "Rennes,Ille-et-Vilaine,France::Jura,LONS LE SAUNIER,France": [
      714.3157,
      6.778499999999999
    ],
    "Rennes,Ille-et-Vilaine,France::Haute-Vienne,PANAZOL,France": [
      557.638,
      5.348111111111112
    ],
    "Rennes,Ille-et-Vilaine,France::Haute-Vienne,LIMOGES,France": [
      556.3305,
      5.3525277777777776
    ],
    "Rennes,Ille-et-Vilaine,France::Rhône,LYON,France": [
      717.1774,
      6.9775
    ],
    "Rennes,Ille-et-Vilaine,France::Loire,SAINT ETIENNE,France": [
      714.8257,
      6.768527777777778
    ],
    "Rennes,Ille-et-Vilaine,France::Landes,HAGETMAU,France": [
      620.1344,
      6.297027777777777
    ],
    "Rennes,Ille-et-Vilaine,France::Gironde,BORDEAUX,France": [
      460.4693,
      4.606777777777778
    ],
    "Rennes,Ille-et-Vilaine,France::Allier,VICHY,France": [
      574.1415,
      5.570111111111111
    ],
    "Rennes,Ille-et-Vilaine,France::Seine-et-Marne,MEAUX,France": [
      392.3883,
      3.947583333333333
    ],
    "Rennes,Ille-et-Vilaine,France::Rhône,CORBAS,France": [
      717.1774,
      6.9775
    ],
    "Rennes,Ille-et-Vilaine,France::Ain,VERSONNEX,France": [
      855.3659,
      8.177083333333334
    ],
    "Rennes,Ille-et-Vilaine,France::Seine-Maritime,GOURNAY EN BRAY,France": [
      335.29940000000005,
      3.3668055555555556
    ],
    "Rennes,Ille-et-Vilaine,France::Ain,BOURG EN BRESSE,France": [
      730.4255,
      6.876416666666667
    ],
    "Rennes,Ille-et-Vilaine,France::Hautes-Alpes,GAP,France": [
      1005.336,
      10.15427777777778
    ],
    "Rennes,Ille-et-Vilaine,France::Isère,GRENOBLE,France": [
      851.4816999999999,
      7.967583333333333
    ]
  }
}